{
  "project_info": {
    "project_number": "819443813551",
    "project_id": "new-project-44509",
    "storage_bucket": "new-project-44509.appspot.com"
  },
  "client": [
    {
      "client_info": {
        "mobilesdk_app_id": "1:819443813551:android:19605ee2d3450feacd985a",
        "android_client_info": {
          "package_name": "com.example.ecom_app"
        }
      },
      "oauth_client": [
        {
          "client_id": "819443813551-ult46in1rlknrc66ioge0g99h9fvk0od.apps.googleusercontent.com",
          "client_type": 3
        }
      ],
      "api_key": [
        {
          "current_key": "AIzaSyBsNfz_wTZxVQLLeWMkRZEXfXkIV8altng"
        }
      ],
      "services": {
        "appinvite_service": {
          "other_platform_oauth_client": [
            {
              "client_id": "819443813551-ult46in1rlknrc66ioge0g99h9fvk0od.apps.googleusercontent.com",
              "client_type": 3
            }
          ]
        }
      }
    }
  ],
  "configuration_version": "1"
}